{
  "project_info": {
    "project_number": "735247812704",
    "project_id": "foodorderapp-18be9",
    "storage_bucket": "foodorderapp-18be9.appspot.com"
  },
  "client": [
    {
      "client_info": {
        "mobilesdk_app_id": "1:735247812704:android:c4130b0332372d78569b05",
        "android_client_info": {
          "package_name": "com.android.foodorderapp"
        }
      },
      "oauth_client": [
        {
          "client_id": "735247812704-p8ic8e44ln8p4p6q8r6lmrls556o98ja.apps.googleusercontent.com",
          "client_type": 3
        }
      ],
      "api_key": [
        {
          "current_key": "AIzaSyABAOpmx7nRNGck1ruoWc9H4v6ZHRsu_BY"
        }
      ],
      "services": {
        "appinvite_service": {
          "other_platform_oauth_client": [
            {
              "client_id": "735247812704-p8ic8e44ln8p4p6q8r6lmrls556o98ja.apps.googleusercontent.com",
              "client_type": 3
            }
          ]
        }
      }
    }
  ],
  "configuration_version": "1"
}